layer_count,forward_value,forward_sem,backward_value,backward_sem
1,0.29541085,0.021421498497055293,0.15640125000000002,0.02395930834592542
2,0.30815000000000003,0.020164782811416017,0.16863694999999998,0.02264026890549285
3,0.30592264999999996,0.020988671709968112,0.17833664999999996,0.022895572187109265
4,0.34223210000000004,0.019032984532523087,0.19230175,0.02425437791408681
8,0.50430055,0.022783435931958505,0.26224404999999995,0.023981198006867904
12,0.685085,0.025275593348587443,0.34055660000000004,0.02203218738577959
16,0.725085,0.025275593348587443,0.40537824999999994,0.017110766629888332
20,0.755085,0.025275593348587443,0.42986399999999997,0.022402637973074326
24,0.885085,0.025275593348587443,0.56695495,0.017090740192845424
