scene,AbsRel,RMSE
MEAN,0.104571,2.557758
MEDIAN,0.094524,0.254018
