scene,AbsRel,RMSE
MEAN,0.098892,2.569132
MEDIAN,0.089289,0.248855
