scene,AbsRel,RMSE
MEAN,0.120356,2.57212
MEDIAN,0.10683,0.265377
