scene,AbsRel,RMSE
MEAN,0.127447,2.572574
MEDIAN,0.108765,0.276873
