scene,AbsRel,RMSE
MEAN,0.094568,2.564021
MEDIAN,0.086524,0.247465
