scene,AbsRel,RMSE
MEAN,0.111475,2.526472
MEDIAN,0.096462,0.257408
