scene,AbsRel,RMSE
MEAN,0.137138,2.607972
MEDIAN,0.116524,0.282288
