scene,baseline,AbsRel,RMSE,chamfer,fscore,precision,recall
scene_0,photographs,0.029653,0.084109,0.33493,0.034735,0.0333,0.0363
scene_1,photographs,0.060264,0.117301,0.223224,0.079945,0.07888,0.08104
scene_10,photographs,0.086235,1.513317,4.142714,7.4e-05,0.00048,4e-05
scene_100,photographs,0.107055,12.685321,6.985275,0.217663,0.24202,0.19776
scene_101,photographs,0.075181,0.092057,0.14202,0.038803,0.03232,0.04854
MEAN,photographs,0.071678,2.898421,2.365633,0.074244,0.0774,0.072736
MEDIAN,photographs,0.075181,0.117301,0.33493,0.038803,0.0333,0.04854
